{
	"name": "level",
	"description": "Level description goes here",
	"mustCheckAll":true,

	"gravity": {
		"x": 0,
		"y": 1
	},

	"jumpStrength": 25,
	
	"bestJumpNb" : 18,

	"planets": {
		"gaz1":{
			"x": 408.1,
			"y": 187.15,
			"rotSpeed": -0.03,
			"radius": 145.90400000000002,
			"bounce": true,
			"element": "gas_3"
		},
		"start":{
			"x": 408.2,
			"y": -100.3,
			"cameraX": 398.8725879887258,
			"cameraY": 240.39893040398928,
			"cameraZ": 0.5781600057816,
			"rotSpeed": 0.06,
			"radius": 29.238000000000003,
			"start": true,
			"orbit":{
				"width":290.95,
				"height":290.95,
				"angle":0,
				"startAngle":0,
				"speed":0.025,
				"x":0,
				"y":0.9000000000000057,
				"target":"gaz1"
			},
			"element": "moon_black"
		},
		"forest":{
			"x": 1172.7,
			"y": 195.8,
			"cameraX": 399.91346205852125,
			"cameraY": 240.22932554491862,
			"cameraZ": 0.43268970739358537,
			"rotSpeed": 0.08,
			"radius": 73.348,
			"checkPoint": true,
			"orbit":{
				"width":767.75,
				"height":767.75,
				"angle":0,
				"startAngle":90,
				"speed":-0.02,
				"x":0,
				"y":0.9000000000000057,
				"target":"gaz1"
			},
			"element": "planet_forest"
		},
		"moon_ice":{
			"x": 974.3,
			"y": 184.4,
			"rotSpeed": 0.05,
			"radius": 34.913999999999994,
			"orbit":{
				"width":195.95,
				"height":195.95,
				"angle":0,
				"startAngle":0,
				"speed":-0.025,
				"x":-0.4500000000000455,
				"y":-1.8000000000000114,
				"target":"forest"
			},
			"element": "moon_ice"
		},
		"gaz2":{
			"x": 1855.95,
			"y": 749.35,
			"rotSpeed": 0.06,
			"radius": 139.722,
			"bounce": true,
			"element": "gas_1"
		},
		"mars":{
			"x": 1733.75,
			"y": -398.25,
			"cameraX": 675.5368056682352,
			"cameraY": 123.96560116826221,
			"cameraZ": 0.43268970739358537,
			"rotSpeed": -0.05,
			"radius": 82.5,
			"checkPoint": true,
			"element": "planet_mars"
		},
		"black_moon":{
			"x": 1665,
			"y": 202.7,
			"cameraX": 731.8946400562496,
			"cameraY": 112.08826870030829,
			"cameraZ": 0.43268970739358537,
			"rotSpeed": 0.07,
			"radius": 57.617999999999995,
			"element": "moon_black"
		},
		"white_moon":{
			"x": 1228.45,
			"y": 975.9,
			"cameraX": 182.3911630929175,
			"cameraY": 268.0636777128005,
			"cameraZ": 0.649772579597141,
			"rotSpeed": -0.06,
			"radius": 42.57,
			"orbit":{
				"width":674.9,
				"height":275.8,
				"angle":-17.70458984375,
				"startAngle":120,
				"speed":0.02,
				"x":-0.900000000000091,
				"y":0.4499999999999318,
				"target":"gaz2"
			},
			"element": "moon_white"
		},
		"earth":{
			"x": 2782.1,
			"y": 286.9,
			"cameraX": 620.43534762833,
			"cameraY": 186.41975308641972,
			"cameraZ": 0.649772579597141,
			"rotSpeed": -0.06,
			"radius": 93.28,
			"checkPoint": true,
			"element": "planet_earth"
		},
		"black_moon2":{
			"x": -286.4,
			"y": 1070.9,
			"cameraX": 395.369982986082,
			"cameraY": 313.2569101609349,
			"cameraZ": 0.44626670013666914,
			"rotSpeed": 0.07,
			"radius": 57.617999999999995,
			"element": "moon_black"
		},
		"black_moon3":{
			"x": -708.05,
			"y": -411.5,
			"cameraX": 368.57166764287507,
			"cameraY": 224.7622235238334,
			"cameraZ": 0.44626670013666914,
			"rotSpeed": 0.07,
			"radius": 57.617999999999995,
			"element": "moon_black"
		},
		"g5":{
			"x": -1438.25,
			"y": 1656.7,
			"rotSpeed": 0.07,
			"radius": 162.8,
			"bounce": true,
			"orbit":{
				"width":515,
				"height":515,
				"angle":0,
				"startAngle":180,
				"speed":0.025,
				"x":0,
				"y":0.40000000000009095,
				"target":"g9"
			},
			"element": "gas_2"
		},
		"g6":{
			"x": -1084,
			"y": 1808.75,
			"rotSpeed": -0.06,
			"radius": 162.8,
			"bounce": true,
			"orbit":{
				"width":515,
				"height":515,
				"angle":0,
				"startAngle":225,
				"speed":0.025,
				"x":0,
				"y":0.40000000000009095,
				"target":"g9"
			},
			"element": "gas_2"
		},
		"g4":{
			"x": -1572.3,
			"y": 1298.75,
			"rotSpeed": 0.06,
			"radius": 162.8,
			"bounce": true,
			"orbit":{
				"width":515,
				"height":515,
				"angle":0,
				"startAngle":135,
				"speed":0.025,
				"x":0,
				"y":0.40000000000009095,
				"target":"g9"
			},
			"element": "gas_2"
		},
		"g3":{
			"x": -1422.25,
			"y": 948.3,
			"rotSpeed": -0.03,
			"radius": 162.8,
			"bounce": true,
			"orbit":{
				"width":515,
				"height":515,
				"angle":0,
				"startAngle":90,
				"speed":0.025,
				"x":0,
				"y":0.40000000000009095,
				"target":"g9"
			},
			"element": "gas_2"
		},
		"g2":{
			"x": -1072.25,
			"y": 791.5,
			"rotSpeed": -0.07,
			"radius": 162.8,
			"bounce": true,
			"orbit":{
				"width":515,
				"height":515,
				"angle":0,
				"startAngle":45,
				"speed":0.025,
				"x":0,
				"y":0.40000000000009095,
				"target":"g9"
			},
			"element": "gas_2"
		},
		"g1":{
			"x": -714.3,
			"y": 924.3,
			"rotSpeed": 0.06,
			"radius": 162.8,
			"bounce": true,
			"orbit":{
				"width":515,
				"height":515,
				"angle":0,
				"startAngle":0,
				"speed":0.025,
				"x":0,
				"y":0.40000000000009095,
				"target":"g9"
			},
			"element": "gas_2"
		},
		"g9":{
			"x": -1062.3,
			"y": 1305.35,
			"rotSpeed": -0.03,
			"radius": 67.584,
			"bounce": true,
			"element": "gas_3"
		},
		"ice_moon2":{
			"x": -862.5,
			"y": 1180.6,
			"cameraX": 125.47108512020786,
			"cameraY": 341.3255360623781,
			"cameraZ": 0.649772579597141,
			"rotSpeed": 0.06,
			"radius": 32.912,
			"checkPoint": true,
			"orbit":{
				"width":232.3,
				"height":232.3,
				"angle":0,
				"startAngle":-20,
				"speed":-0.025,
				"x":0,
				"y":0.40000000000009095,
				"target":"g9"
			},
			"element": "moon_ice"
		},
		"end":{
			"x": -1224.95,
			"y": -654.95,
			"cameraX": 236.7121507472384,
			"cameraY": 192.36517218973356,
			"cameraZ": 0.649772579597141,
			"rotSpeed": 0.06,
			"radius": 167.2,
			"end": true,
			"element": "planet_earth"
		}
	},
	"asteroids":{
		"a1": { 
			"radius":16.7175,
			"x":820.35,
			"y":182.15,
			"rotSpeed":0.02,
			"orbit":{
				"width":412.3,
				"height":412.3,
				"angle":0,
				"startAngle":90,
				"speed":-0.025,
				"x":0,
				"y":0.9000000000000057,
				"target":"gaz1"
			},
			"graph":"asteroid3"
		},
		"a3": { 
			"radius":16.402500000000003,
			"x":-34.85,
			"y":181.15,
			"rotSpeed":0.02,
			"orbit":{
				"width":447.6,
				"height":447.6,
				"angle":0,
				"startAngle":-90,
				"speed":-0.01,
				"x":0,
				"y":0.9000000000000057,
				"target":"gaz1"
			},
			"graph":"asteroid1"
		},
		"asteroid9": { 
			"radius":21.1275,
			"x":1860.75,
			"y":-651.1,
			"rotSpeed":0.04,
			"orbit":{
				"width":283.9,
				"height":283.9,
				"angle":0,
				"startAngle":22,
				"speed":0.03,
				"x":0.5,
				"y":-0.19999999999998863,
				"target":"mars"
			},
			"graph":"asteroid1"
		},
		"asteroid7": { 
			"radius":18.495,
			"x":1619.75,
			"y":-609.1,
			"rotSpeed":0.08,
			"orbit":{
				"width":239.45,
				"height":239.45,
				"angle":0,
				"startAngle":-22,
				"speed":-0.03,
				"x":0.5,
				"y":-0.19999999999998863,
				"target":"mars"
			},
			"graph":"asteroid2"
		},
		"a6": { 
			"radius":24.93,
			"x":2783.15,
			"y":515.9,
			"rotSpeed":0.03,
			"orbit":{
				"width":232.3,
				"height":232.3,
				"angle":0,
				"startAngle":0,
				"speed":0.025,
				"x":0.5500000000001819,
				"y":-0.2999999999999545,
				"target":"earth"
			},
			"graph":"asteroid2"
		},
		"a2": { 
			"radius":16.2225,
			"x":413.3,
			"y":669.3,
			"rotSpeed":0.02,
			"orbit":{
				"width":478.95,
				"height":478.95,
				"angle":0,
				"startAngle":-45,
				"speed":-0.03,
				"x":0,
				"y":0.9000000000000057,
				"target":"gaz1"
			},
			"graph":"asteroid2"
		},
		"a8": { 
			"radius":16.402500000000003,
			"x":-597,
			"y":-30.9,
			"rotSpeed":0.02,
			"orbit":{
				"width":402,
				"height":151.5,
				"angle":73.97346496582031,
				"startAngle":0,
				"speed":0.025,
				"x":-0.15000000000009095,
				"y":-0.35000000000002274,
				"target":"black_moon3"
			},
			"graph":"asteroid1"
		},
		"a7": { 
			"radius":16.7175,
			"x":-1090.15,
			"y":-295.95,
			"rotSpeed":0.02,